# generated by the export: <path in this repository>	<path in the build tree>
apps/sdk/testkeys/platform.pk8	apps/sdk/platform.pk8
apps/sdk/testkeys/platform.x509.pem	apps/sdk/platform.x509.pem
keys/public/FINGERPRINTS.txt	tools/sign/release_certs/FINGERPRINTS.txt
keys/public/apex/FINGERPRINTS.txt	tools/sign/release_certs/apex/FINGERPRINTS.txt
keys/public/apex/com.android.adbd.avbpubkey	tools/sign/release_certs/apex/com.android.adbd.avbpubkey
keys/public/apex/com.android.adbd.pubkey.pem	tools/sign/release_certs/apex/com.android.adbd.pubkey.pem
keys/public/apex/com.android.adbd.x509.pem	tools/sign/release_certs/apex/com.android.adbd.x509.pem
keys/public/apex/com.android.adservices.avbpubkey	tools/sign/release_certs/apex/com.android.adservices.avbpubkey
keys/public/apex/com.android.adservices.pubkey.pem	tools/sign/release_certs/apex/com.android.adservices.pubkey.pem
keys/public/apex/com.android.adservices.x509.pem	tools/sign/release_certs/apex/com.android.adservices.x509.pem
keys/public/apex/com.android.apex.cts.shim.avbpubkey	tools/sign/release_certs/apex/com.android.apex.cts.shim.avbpubkey
keys/public/apex/com.android.apex.cts.shim.pubkey.pem	tools/sign/release_certs/apex/com.android.apex.cts.shim.pubkey.pem
keys/public/apex/com.android.apex.cts.shim.x509.pem	tools/sign/release_certs/apex/com.android.apex.cts.shim.x509.pem
keys/public/apex/com.android.appsearch.avbpubkey	tools/sign/release_certs/apex/com.android.appsearch.avbpubkey
keys/public/apex/com.android.appsearch.pubkey.pem	tools/sign/release_certs/apex/com.android.appsearch.pubkey.pem
keys/public/apex/com.android.appsearch.x509.pem	tools/sign/release_certs/apex/com.android.appsearch.x509.pem
keys/public/apex/com.android.art.avbpubkey	tools/sign/release_certs/apex/com.android.art.avbpubkey
keys/public/apex/com.android.art.pubkey.pem	tools/sign/release_certs/apex/com.android.art.pubkey.pem
keys/public/apex/com.android.art.x509.pem	tools/sign/release_certs/apex/com.android.art.x509.pem
keys/public/apex/com.android.btservices.avbpubkey	tools/sign/release_certs/apex/com.android.btservices.avbpubkey
keys/public/apex/com.android.btservices.pubkey.pem	tools/sign/release_certs/apex/com.android.btservices.pubkey.pem
keys/public/apex/com.android.btservices.x509.pem	tools/sign/release_certs/apex/com.android.btservices.x509.pem
keys/public/apex/com.android.configinfrastructure.avbpubkey	tools/sign/release_certs/apex/com.android.configinfrastructure.avbpubkey
keys/public/apex/com.android.configinfrastructure.pubkey.pem	tools/sign/release_certs/apex/com.android.configinfrastructure.pubkey.pem
keys/public/apex/com.android.configinfrastructure.x509.pem	tools/sign/release_certs/apex/com.android.configinfrastructure.x509.pem
keys/public/apex/com.android.conscrypt.avbpubkey	tools/sign/release_certs/apex/com.android.conscrypt.avbpubkey
keys/public/apex/com.android.conscrypt.pubkey.pem	tools/sign/release_certs/apex/com.android.conscrypt.pubkey.pem
keys/public/apex/com.android.conscrypt.x509.pem	tools/sign/release_certs/apex/com.android.conscrypt.x509.pem
keys/public/apex/com.android.devicelock.avbpubkey	tools/sign/release_certs/apex/com.android.devicelock.avbpubkey
keys/public/apex/com.android.devicelock.pubkey.pem	tools/sign/release_certs/apex/com.android.devicelock.pubkey.pem
keys/public/apex/com.android.devicelock.x509.pem	tools/sign/release_certs/apex/com.android.devicelock.x509.pem
keys/public/apex/com.android.extservices.avbpubkey	tools/sign/release_certs/apex/com.android.extservices.avbpubkey
keys/public/apex/com.android.extservices.pubkey.pem	tools/sign/release_certs/apex/com.android.extservices.pubkey.pem
keys/public/apex/com.android.extservices.x509.pem	tools/sign/release_certs/apex/com.android.extservices.x509.pem
keys/public/apex/com.android.healthfitness.avbpubkey	tools/sign/release_certs/apex/com.android.healthfitness.avbpubkey
keys/public/apex/com.android.healthfitness.pubkey.pem	tools/sign/release_certs/apex/com.android.healthfitness.pubkey.pem
keys/public/apex/com.android.healthfitness.x509.pem	tools/sign/release_certs/apex/com.android.healthfitness.x509.pem
keys/public/apex/com.android.i18n.avbpubkey	tools/sign/release_certs/apex/com.android.i18n.avbpubkey
keys/public/apex/com.android.i18n.pubkey.pem	tools/sign/release_certs/apex/com.android.i18n.pubkey.pem
keys/public/apex/com.android.i18n.x509.pem	tools/sign/release_certs/apex/com.android.i18n.x509.pem
keys/public/apex/com.android.ipsec.avbpubkey	tools/sign/release_certs/apex/com.android.ipsec.avbpubkey
keys/public/apex/com.android.ipsec.pubkey.pem	tools/sign/release_certs/apex/com.android.ipsec.pubkey.pem
keys/public/apex/com.android.ipsec.x509.pem	tools/sign/release_certs/apex/com.android.ipsec.x509.pem
keys/public/apex/com.android.media.avbpubkey	tools/sign/release_certs/apex/com.android.media.avbpubkey
keys/public/apex/com.android.media.pubkey.pem	tools/sign/release_certs/apex/com.android.media.pubkey.pem
keys/public/apex/com.android.media.swcodec.avbpubkey	tools/sign/release_certs/apex/com.android.media.swcodec.avbpubkey
keys/public/apex/com.android.media.swcodec.pubkey.pem	tools/sign/release_certs/apex/com.android.media.swcodec.pubkey.pem
keys/public/apex/com.android.media.swcodec.x509.pem	tools/sign/release_certs/apex/com.android.media.swcodec.x509.pem
keys/public/apex/com.android.media.x509.pem	tools/sign/release_certs/apex/com.android.media.x509.pem
keys/public/apex/com.android.mediaprovider.avbpubkey	tools/sign/release_certs/apex/com.android.mediaprovider.avbpubkey
keys/public/apex/com.android.mediaprovider.pubkey.pem	tools/sign/release_certs/apex/com.android.mediaprovider.pubkey.pem
keys/public/apex/com.android.mediaprovider.x509.pem	tools/sign/release_certs/apex/com.android.mediaprovider.x509.pem
keys/public/apex/com.android.neuralnetworks.avbpubkey	tools/sign/release_certs/apex/com.android.neuralnetworks.avbpubkey
keys/public/apex/com.android.neuralnetworks.pubkey.pem	tools/sign/release_certs/apex/com.android.neuralnetworks.pubkey.pem
keys/public/apex/com.android.neuralnetworks.x509.pem	tools/sign/release_certs/apex/com.android.neuralnetworks.x509.pem
keys/public/apex/com.android.ondevicepersonalization.avbpubkey	tools/sign/release_certs/apex/com.android.ondevicepersonalization.avbpubkey
keys/public/apex/com.android.ondevicepersonalization.pubkey.pem	tools/sign/release_certs/apex/com.android.ondevicepersonalization.pubkey.pem
keys/public/apex/com.android.ondevicepersonalization.x509.pem	tools/sign/release_certs/apex/com.android.ondevicepersonalization.x509.pem
keys/public/apex/com.android.os.statsd.avbpubkey	tools/sign/release_certs/apex/com.android.os.statsd.avbpubkey
keys/public/apex/com.android.os.statsd.pubkey.pem	tools/sign/release_certs/apex/com.android.os.statsd.pubkey.pem
keys/public/apex/com.android.os.statsd.x509.pem	tools/sign/release_certs/apex/com.android.os.statsd.x509.pem
keys/public/apex/com.android.permission.avbpubkey	tools/sign/release_certs/apex/com.android.permission.avbpubkey
keys/public/apex/com.android.permission.pubkey.pem	tools/sign/release_certs/apex/com.android.permission.pubkey.pem
keys/public/apex/com.android.permission.x509.pem	tools/sign/release_certs/apex/com.android.permission.x509.pem
keys/public/apex/com.android.resolv.avbpubkey	tools/sign/release_certs/apex/com.android.resolv.avbpubkey
keys/public/apex/com.android.resolv.pubkey.pem	tools/sign/release_certs/apex/com.android.resolv.pubkey.pem
keys/public/apex/com.android.resolv.x509.pem	tools/sign/release_certs/apex/com.android.resolv.x509.pem
keys/public/apex/com.android.rkpd.avbpubkey	tools/sign/release_certs/apex/com.android.rkpd.avbpubkey
keys/public/apex/com.android.rkpd.pubkey.pem	tools/sign/release_certs/apex/com.android.rkpd.pubkey.pem
keys/public/apex/com.android.rkpd.x509.pem	tools/sign/release_certs/apex/com.android.rkpd.x509.pem
keys/public/apex/com.android.runtime.avbpubkey	tools/sign/release_certs/apex/com.android.runtime.avbpubkey
keys/public/apex/com.android.runtime.pubkey.pem	tools/sign/release_certs/apex/com.android.runtime.pubkey.pem
keys/public/apex/com.android.runtime.x509.pem	tools/sign/release_certs/apex/com.android.runtime.x509.pem
keys/public/apex/com.android.scheduling.avbpubkey	tools/sign/release_certs/apex/com.android.scheduling.avbpubkey
keys/public/apex/com.android.scheduling.pubkey.pem	tools/sign/release_certs/apex/com.android.scheduling.pubkey.pem
keys/public/apex/com.android.scheduling.x509.pem	tools/sign/release_certs/apex/com.android.scheduling.x509.pem
keys/public/apex/com.android.sdkext.avbpubkey	tools/sign/release_certs/apex/com.android.sdkext.avbpubkey
keys/public/apex/com.android.sdkext.pubkey.pem	tools/sign/release_certs/apex/com.android.sdkext.pubkey.pem
keys/public/apex/com.android.sdkext.x509.pem	tools/sign/release_certs/apex/com.android.sdkext.x509.pem
keys/public/apex/com.android.tethering.avbpubkey	tools/sign/release_certs/apex/com.android.tethering.avbpubkey
keys/public/apex/com.android.tethering.pubkey.pem	tools/sign/release_certs/apex/com.android.tethering.pubkey.pem
keys/public/apex/com.android.tethering.x509.pem	tools/sign/release_certs/apex/com.android.tethering.x509.pem
keys/public/apex/com.android.tzdata.avbpubkey	tools/sign/release_certs/apex/com.android.tzdata.avbpubkey
keys/public/apex/com.android.tzdata.pubkey.pem	tools/sign/release_certs/apex/com.android.tzdata.pubkey.pem
keys/public/apex/com.android.tzdata.x509.pem	tools/sign/release_certs/apex/com.android.tzdata.x509.pem
keys/public/apex/com.android.uwb.avbpubkey	tools/sign/release_certs/apex/com.android.uwb.avbpubkey
keys/public/apex/com.android.uwb.pubkey.pem	tools/sign/release_certs/apex/com.android.uwb.pubkey.pem
keys/public/apex/com.android.uwb.x509.pem	tools/sign/release_certs/apex/com.android.uwb.x509.pem
keys/public/apex/com.android.virt.avbpubkey	tools/sign/release_certs/apex/com.android.virt.avbpubkey
keys/public/apex/com.android.virt.pubkey.pem	tools/sign/release_certs/apex/com.android.virt.pubkey.pem
keys/public/apex/com.android.virt.x509.pem	tools/sign/release_certs/apex/com.android.virt.x509.pem
keys/public/apex/com.android.vndk.v30.avbpubkey	tools/sign/release_certs/apex/com.android.vndk.v30.avbpubkey
keys/public/apex/com.android.vndk.v30.pubkey.pem	tools/sign/release_certs/apex/com.android.vndk.v30.pubkey.pem
keys/public/apex/com.android.vndk.v30.x509.pem	tools/sign/release_certs/apex/com.android.vndk.v30.x509.pem
keys/public/apex/com.android.vndk.v31.avbpubkey	tools/sign/release_certs/apex/com.android.vndk.v31.avbpubkey
keys/public/apex/com.android.vndk.v31.pubkey.pem	tools/sign/release_certs/apex/com.android.vndk.v31.pubkey.pem
keys/public/apex/com.android.vndk.v31.x509.pem	tools/sign/release_certs/apex/com.android.vndk.v31.x509.pem
keys/public/apex/com.android.vndk.v32.avbpubkey	tools/sign/release_certs/apex/com.android.vndk.v32.avbpubkey
keys/public/apex/com.android.vndk.v32.pubkey.pem	tools/sign/release_certs/apex/com.android.vndk.v32.pubkey.pem
keys/public/apex/com.android.vndk.v32.x509.pem	tools/sign/release_certs/apex/com.android.vndk.v32.x509.pem
keys/public/apex/com.android.vndk.v33.avbpubkey	tools/sign/release_certs/apex/com.android.vndk.v33.avbpubkey
keys/public/apex/com.android.vndk.v33.pubkey.pem	tools/sign/release_certs/apex/com.android.vndk.v33.pubkey.pem
keys/public/apex/com.android.vndk.v33.x509.pem	tools/sign/release_certs/apex/com.android.vndk.v33.x509.pem
keys/public/apex/com.android.vndk.v34.avbpubkey	tools/sign/release_certs/apex/com.android.vndk.v34.avbpubkey
keys/public/apex/com.android.vndk.v34.pubkey.pem	tools/sign/release_certs/apex/com.android.vndk.v34.pubkey.pem
keys/public/apex/com.android.vndk.v34.x509.pem	tools/sign/release_certs/apex/com.android.vndk.v34.x509.pem
keys/public/apex/com.android.wifi.avbpubkey	tools/sign/release_certs/apex/com.android.wifi.avbpubkey
keys/public/apex/com.android.wifi.pubkey.pem	tools/sign/release_certs/apex/com.android.wifi.pubkey.pem
keys/public/apex/com.android.wifi.x509.pem	tools/sign/release_certs/apex/com.android.wifi.x509.pem
keys/public/bluetooth.x509.pem	tools/sign/release_certs/bluetooth.x509.pem
keys/public/media.x509.pem	tools/sign/release_certs/media.x509.pem
keys/public/networkstack.x509.pem	tools/sign/release_certs/networkstack.x509.pem
keys/public/nfc.x509.pem	tools/sign/release_certs/nfc.x509.pem
keys/public/ota.x509.pem	tools/sign/release_certs/ota.x509.pem
keys/public/ota_next.x509.pem	tools/sign/release_certs/ota_next.x509.pem
keys/public/platform.x509.pem	tools/sign/release_certs/platform.x509.pem
keys/public/releasekey.x509.pem	tools/sign/release_certs/releasekey.x509.pem
keys/public/sdk_sandbox.x509.pem	tools/sign/release_certs/sdk_sandbox.x509.pem
keys/public/shared.x509.pem	tools/sign/release_certs/shared.x509.pem
system/etc/audio_policy_engine_stream_volumes.xml	overlay/v1/audio_policy_engine_stream_volumes.xml
system/etc/build_prop_v1.txt	overlay/v1/build_prop_v1.txt
system/etc/legacy/hide_xgimi_vendor_apps.rc	overlay/hide_xgimi_vendor_apps.rc
system/etc/legacy/unmute_system_sounds.sh	overlay/unmute_system_sounds.sh
system/etc/legacy/xgimi_compat.rc	overlay/xgimi_compat.rc
system/etc/legacy/xgimi_compat_extra.rc	overlay/xgimi_compat_extra.rc
system/etc/legacy/z9x_build_prop.txt	overlay/z9x_build_prop.txt
system/etc/privapp-permissions-z9xhome.xml	overlay/v1/privapp-permissions-z9xhome.xml
system/etc/privapp-permissions-z9xsetup.xml	overlay/v1/privapp-permissions-z9xsetup.xml
system/etc/product_prop_v1.txt	overlay/v1/product_prop_v1.txt
system/etc/z9x-airplay-default-permissions.xml	overlay/v1/z9x-airplay-default-permissions.xml
system/etc/z9x-home-default-permissions.xml	overlay/v1/z9x-home-default-permissions.xml
system/etc/z9x-projector-default-permissions.xml	overlay/v1/z9x-projector-default-permissions.xml
system/etc/z9x-sysconfig-nogms.xml	overlay/v1/z9x-sysconfig-nogms.xml
system/etc/z9x-sysconfig.xml	overlay/v1/z9x-sysconfig.xml
system/etc/z9x_audio.rc	overlay/v1/z9x_audio.rc
system/etc/z9x_base.rc	overlay/v1/z9x_base.rc
system/etc/z9x_bootinfo.rc	overlay/v1/z9x_bootinfo.rc
system/etc/z9x_bootinfo.sh	overlay/v1/z9x_bootinfo.sh
system/etc/z9x_diag.rc	overlay/v1/z9x_diag.rc
system/etc/z9x_diag.sh	overlay/v1/z9x_diag.sh
system/etc/z9x_nui.rc	overlay/v1/z9x_nui.rc
system/etc/z9x_nui.sh	overlay/v1/z9x_nui.sh
system/etc/z9x_power.rc	overlay/v1/z9x_power.rc
system/etc/z9x_power_cec.rc	overlay/v1/z9x_power_cec.rc
system/etc/z9x_power_wake.sh	overlay/v1/z9x_power_wake.sh
system/etc/z9x_poweroff.rc	overlay/v1/z9x_poweroff.rc
system/etc/z9x_poweroff.sh	overlay/v1/z9x_poweroff.sh
system/etc/z9x_setup.rc	overlay/v1/z9x_setup.rc
system/etc/z9x_speed.rc	overlay/v1/z9x_speed.rc
system/etc/z9x_uires/init.lineage.atv.scaling.rc	overlay/v1/z9x_uires/init.lineage.atv.scaling.rc
system/etc/z9x_uires/product_prop.txt	overlay/v1/z9x_uires/product_prop.txt
system/etc/z9x_uires/test/run.sh	overlay/v1/z9x_uires/test/run.sh
system/etc/z9x_uires/test/stubs/chcon	overlay/v1/z9x_uires/test/stubs/chcon
system/etc/z9x_uires/test/stubs/dumpsys	overlay/v1/z9x_uires/test/stubs/dumpsys
system/etc/z9x_uires/test/stubs/getprop	overlay/v1/z9x_uires/test/stubs/getprop
system/etc/z9x_uires/test/stubs/log	overlay/v1/z9x_uires/test/stubs/log
system/etc/z9x_uires/test/stubs/ls	overlay/v1/z9x_uires/test/stubs/ls
system/etc/z9x_uires/test/stubs/mount	overlay/v1/z9x_uires/test/stubs/mount
system/etc/z9x_uires/test/stubs/setprop	overlay/v1/z9x_uires/test/stubs/setprop
system/etc/z9x_uires/test/stubs/sleep	overlay/v1/z9x_uires/test/stubs/sleep
system/etc/z9x_uires/test/stubs/stat	overlay/v1/z9x_uires/test/stubs/stat
system/etc/z9x_uires/test/stubs/timeout	overlay/v1/z9x_uires/test/stubs/timeout
system/etc/z9x_uires/test/stubs/umount	overlay/v1/z9x_uires/test/stubs/umount
system/etc/z9x_uires/z9x_uires.sh	overlay/v1/z9x_uires/z9x_uires.sh
system/usr/idc/Vendor_000d_Product_3838.idc	overlay/v1/idc/Vendor_000d_Product_3838.idc
system/usr/idc/Vendor_000d_Product_3839.idc	overlay/v1/idc/Vendor_000d_Product_3839.idc
system/usr/idc/Vendor_000d_Product_3840.idc	overlay/v1/idc/Vendor_000d_Product_3840.idc
system/usr/idc/Vendor_000d_Product_3841.idc	overlay/v1/idc/Vendor_000d_Product_3841.idc
system/usr/idc/Vendor_000d_Product_3842.idc	overlay/v1/idc/Vendor_000d_Product_3842.idc
system/usr/idc/Vendor_000d_Product_3843.idc	overlay/v1/idc/Vendor_000d_Product_3843.idc
system/usr/idc/Vendor_1d5a_Product_c081.idc	overlay/v1/idc/Vendor_1d5a_Product_c081.idc
system/usr/idc/Vendor_26e3_Product_af02.idc	overlay/v1/idc/Vendor_26e3_Product_af02.idc
system/usr/keylayout/Generic.kl	overlay/v1/keylayout/Generic.kl
system/usr/keylayout/Vendor_0001_Product_0001.kl	overlay/v1/keylayout/Vendor_0001_Product_0001.kl
system/usr/keylayout/Vendor_000d_Product_3838.kl	overlay/v1/keylayout/Vendor_000d_Product_3838.kl
system/usr/keylayout/Vendor_000d_Product_3839.kl	overlay/v1/keylayout/Vendor_000d_Product_3839.kl
system/usr/keylayout/Vendor_000d_Product_3840.kl	overlay/v1/keylayout/Vendor_000d_Product_3840.kl
system/usr/keylayout/Vendor_000d_Product_3841.kl	overlay/v1/keylayout/Vendor_000d_Product_3841.kl
system/usr/keylayout/Vendor_000d_Product_3842.kl	overlay/v1/keylayout/Vendor_000d_Product_3842.kl
system/usr/keylayout/Vendor_000d_Product_3843.kl	overlay/v1/keylayout/Vendor_000d_Product_3843.kl
system/usr/keylayout/Vendor_1d5a_Product_c081.kl	overlay/v1/keylayout/Vendor_1d5a_Product_c081.kl
system/usr/keylayout/Vendor_26e3_Product_af02.kl	overlay/v1/keylayout/Vendor_26e3_Product_af02.kl
system/usr/keylayout/Vendor_3697_Product_0001.kl	overlay/v1/keylayout/Vendor_3697_Product_0001.kl
system/usr/keylayout/Vendor_3697_Product_0002.kl	overlay/v1/keylayout/Vendor_3697_Product_0002.kl
system/usr/keylayout/Vendor_9999_Product_0666.kl	overlay/v1/keylayout/Vendor_9999_Product_0666.kl
system/usr/keylayout/Vendor_9999_Product_0777.kl	overlay/v1/keylayout/Vendor_9999_Product_0777.kl
tools/build_system.sh	tools/lumen_v1.sh
tools/dev/debuglog/debuglog.sh	overlay/debug/debuglog.sh
tools/dev/debuglog/z9x_debuglog.rc	overlay/debug/z9x_debuglog.rc
tools/dev/debuglog/z9x_earlylog.rc	overlay/debug/z9x_earlylog.rc
tools/dev/debuglog/z9x_earlylog.sh	overlay/debug/z9x_earlylog.sh
tools/dev/flash_gsi.sh	tools/flash_gsi.sh
tools/dev/flash_gsi_system.sh	tools/flash_gsi_system.sh
tools/dev/flash_tv.sh	tools/flash_tv.sh
tools/ota/image/README.md	tools/ota/image/HANDOFF.md
